Date,Open,High,Low,Close
2000-01-01 00:00:00,36063,69908,60628,67354
2000-01-02 00:00:00,48763,29568,18146,87904
2000-01-03 00:00:00,37359,99678,8815,65351
2000-01-04 00:00:00,60449,8657,47729,67330
2000-01-05 00:00:00,21278,99803,85125,76529
2000-01-06 00:00:00,44945,64440,24247,46338
2000-01-07 00:00:00,1525,81761,48916,20722
2000-01-08 00:00:00,20509,93595,40083,85981
2000-01-09 00:00:00,59570,24327,19537,78719
2000-01-10 00:00:00,62818,32336,47658,79664
2000-01-11 00:00:00,4514,75585,42827,76817
2000-01-12 00:00:00,84173,71243,2127,10930
2000-01-13 00:00:00,75168,77002,76044,16772
2000-01-14 00:00:00,78686,88411,83714,85480
2000-01-15 00:00:00,82171,80398,85198,72398
2000-01-16 00:00:00,94891,80089,81882,28526
2000-01-17 00:00:00,10165,11002,97874,5729
2000-01-18 00:00:00,52025,94128,89415,28352
2000-01-19 00:00:00,87652,23000,42403,25654
2000-01-20 00:00:00,98496,2692,11777,94263
2000-01-21 00:00:00,67061,27850,56065,52105
2000-01-22 00:00:00,75557,93819,70016,13783
2000-01-23 00:00:00,10794,66048,41158,24401
2000-01-24 00:00:00,31992,58170,50237,75459
2000-01-25 00:00:00,1250,93655,23946,35356
2000-01-26 00:00:00,2430,17658,4354,62245
2000-01-27 00:00:00,17744,96087,70377,12116
2000-01-28 00:00:00,98689,75862,28158,17619
2000-01-29 00:00:00,44555,47602,43004,3312
2000-01-30 00:00:00,15821,23872,84971,88612
2000-01-31 00:00:00,75076,83183,73201,28376
2000-02-01 00:00:00,79610,16476,92641,12664
2000-02-02 00:00:00,19031,80000,18925,30756
2000-02-03 00:00:00,20292,42127,32935,37127
2000-02-04 00:00:00,94365,49228,62164,72688
2000-02-05 00:00:00,54983,97002,9173,7705
2000-02-06 00:00:00,68195,11330,18327,38112
2000-02-07 00:00:00,70917,92077,88160,27340
2000-02-08 00:00:00,36634,72440,47792,96781
2000-02-09 00:00:00,39376,58227,72642,19395
2000-02-10 00:00:00,35560,60482,38624,27571
2000-02-11 00:00:00,29205,2077,71484,58407
2000-02-12 00:00:00,60696,94373,34435,46615
2000-02-13 00:00:00,16926,96132,91842,46154
2000-02-14 00:00:00,13286,68732,41495,18348
2000-02-15 00:00:00,16909,11475,79852,15608
2000-02-16 00:00:00,57753,5234,88803,23447
2000-02-17 00:00:00,78174,8771,32849,57858
2000-02-18 00:00:00,1967,54558,34177,72944
2000-02-19 00:00:00,20009,12163,78273,86722
2000-02-20 00:00:00,26175,21547,54428,3244
2000-02-21 00:00:00,73620,98317,82678,98261
2000-02-22 00:00:00,15529,90413,5934,8649
2000-02-23 00:00:00,78154,55210,40523,46234
2000-02-24 00:00:00,59071,36640,42667,99240
2000-02-25 00:00:00,80342,90073,86328,19654
2000-02-26 00:00:00,31128,82395,43348,38086
2000-02-27 00:00:00,65984,22653,28782,93729
2000-02-28 00:00:00,86283,81381,44042,70596
2000-02-29 00:00:00,49391,88047,23423,7132
2000-03-01 00:00:00,63951,56837,21879,12701
2000-03-02 00:00:00,17772,9189,50341,20324
2000-03-03 00:00:00,48906,56239,49979,69387
2000-03-04 00:00:00,20413,69417,4559,65612
2000-03-05 00:00:00,9140,40754,58321,94651
2000-03-06 00:00:00,17994,89763,71594,45440
2000-03-07 00:00:00,86705,23556,31543,47270
2000-03-08 00:00:00,18814,92799,22924,4592
2000-03-09 00:00:00,84388,90015,11897,50270
2000-03-10 00:00:00,91703,78423,14387,54034
2000-03-11 00:00:00,20971,57412,20887,54476
2000-03-12 00:00:00,9763,82173,36302,98474
2000-03-13 00:00:00,22301,48381,32570,65175
2000-03-14 00:00:00,65110,16126,14801,83089
2000-03-15 00:00:00,97626,25904,59947,80289
2000-03-16 00:00:00,3122,21802,15717,29086
2000-03-17 00:00:00,79198,63519,29175,61031
2000-03-18 00:00:00,98835,17466,36585,54895
2000-03-19 00:00:00,68078,15580,27347,14896
2000-03-20 00:00:00,70641,60145,36870,26726
2000-03-21 00:00:00,68822,54624,60145,95683
2000-03-22 00:00:00,74791,79,62718,32528
2000-03-23 00:00:00,25691,22276,82858,72449
2000-03-24 00:00:00,37806,35626,90195,77381
2000-03-25 00:00:00,93364,59911,52992,6837
2000-03-26 00:00:00,99808,9160,34404,70808
2000-03-27 00:00:00,18020,65585,71043,69306
2000-03-28 00:00:00,89381,30141,8803,45808
2000-03-29 00:00:00,25880,88219,18645,70145
2000-03-30 00:00:00,10904,94635,65231,41582
2000-03-31 00:00:00,12134,88435,46536,32141
2000-04-01 00:00:00,60946,31182,69305,82428
2000-04-02 00:00:00,22987,36048,91387,44268
2000-04-03 00:00:00,40480,38532,21683,10663
2000-04-04 00:00:00,86293,21362,81789,26401
2000-04-05 00:00:00,29792,17353,61346,97712
2000-04-06 00:00:00,43519,88126,29425,42070
2000-04-07 00:00:00,23295,86920,4052,20836
2000-04-08 00:00:00,79242,89921,54993,82325
2000-04-09 00:00:00,93129,74826,5300,60986
2000-04-10 00:00:00,34572,6674,75249,12275
2000-04-11 00:00:00,4476,27711,59791,17961
2000-04-12 00:00:00,23420,35739,94312,67533
2000-04-13 00:00:00,90555,15335,25103,30623
2000-04-14 00:00:00,82353,95582,12119,67241
2000-04-15 00:00:00,35689,76966,42753,1635
2000-04-16 00:00:00,30800,77036,48206,511
2000-04-17 00:00:00,49014,3673,38348,47289
2000-04-18 00:00:00,81887,4166,64411,37126
2000-04-19 00:00:00,9605,83587,27856,57028
2000-04-20 00:00:00,52050,33008,87469,88149
2000-04-21 00:00:00,6858,59926,21491,14270
2000-04-22 00:00:00,24023,60074,49856,46548
2000-04-23 00:00:00,13223,65849,79490,93999
2000-04-24 00:00:00,6395,64648,50018,32584
2000-04-25 00:00:00,5735,13631,93270,23626
2000-04-26 00:00:00,58493,48325,27915,13381
2000-04-27 00:00:00,33583,30464,56397,64058
2000-04-28 00:00:00,84387,83575,17923,29236
2000-04-29 00:00:00,56492,22764,15994,99333
2000-04-30 00:00:00,19041,11684,77661,30788
2000-05-01 00:00:00,96505,36207,71118,63693
2000-05-02 00:00:00,82464,880,27254,76818
2000-05-03 00:00:00,98373,53241,40218,3359
2000-05-04 00:00:00,12445,41188,91226,42255
2000-05-05 00:00:00,2930,26065,71892,67919
2000-05-06 00:00:00,62004,74741,73742,95062
2000-05-07 00:00:00,82226,82540,37229,22890
2000-05-08 00:00:00,8591,85544,1014,19749
2000-05-09 00:00:00,45871,55245,10090,69719
2000-05-10 00:00:00,99317,62118,77060,81575
2000-05-11 00:00:00,72058,17413,45221,59290
2000-05-12 00:00:00,22192,82179,52094,44058
2000-05-13 00:00:00,16677,4630,58269,58867
2000-05-14 00:00:00,74046,80777,81597,63946
2000-05-15 00:00:00,88162,1087,39033,39231
2000-05-16 00:00:00,40757,84475,34459,56833
2000-05-17 00:00:00,51160,26190,98243,59528
2000-05-18 00:00:00,3080,5534,79672,73793
2000-05-19 00:00:00,37986,25871,84659,18542
2000-05-20 00:00:00,18172,61838,20840,57795
2000-05-21 00:00:00,64373,84708,60938,91144
2000-05-22 00:00:00,4992,77425,81483,24823
2000-05-23 00:00:00,87635,8621,41854,68948
2000-05-24 00:00:00,87881,36184,63866,14275
2000-05-25 00:00:00,67760,91867,9085,18732
2000-05-26 00:00:00,76280,30900,74153,43199
2000-05-27 00:00:00,35791,8513,58338,13456
2000-05-28 00:00:00,81673,88010,78502,51175
2000-05-29 00:00:00,16587,24330,45322,54408
2000-05-30 00:00:00,44783,73369,30487,90256
2000-05-31 00:00:00,82043,70329,75501,8044
2000-06-01 00:00:00,44667,26746,299,94912
2000-06-02 00:00:00,71155,63898,55991,66863
2000-06-03 00:00:00,38911,99664,22032,4278
2000-06-04 00:00:00,2685,83080,574,15762
2000-06-05 00:00:00,68159,32,95649,36151
2000-06-06 00:00:00,67930,81313,23898,37996
2000-06-07 00:00:00,93260,36430,51428,52905
2000-06-08 00:00:00,93933,41999,81309,21087
2000-06-09 00:00:00,79549,21694,22814,33795
2000-06-10 00:00:00,24532,27712,73127,68842
2000-06-11 00:00:00,18889,34756,86092,41966
2000-06-12 00:00:00,58673,37854,99600,38362
2000-06-13 00:00:00,92400,88611,2824,13913
2000-06-14 00:00:00,72538,72412,39237,9980
2000-06-15 00:00:00,26704,25639,2054,64043
2000-06-16 00:00:00,5812,67387,95316,62941
2000-06-17 00:00:00,57983,27845,14386,4465
2000-06-18 00:00:00,62601,55769,53372,93007
2000-06-19 00:00:00,12197,69157,64245,39790
2000-06-20 00:00:00,71844,22940,66321,58660
2000-06-21 00:00:00,72414,20364,74092,70251
2000-06-22 00:00:00,50419,81164,49115,76858
2000-06-23 00:00:00,95787,81779,77227,79969
2000-06-24 00:00:00,70262,59679,39438,80195
2000-06-25 00:00:00,51344,92216,47627,91535
2000-06-26 00:00:00,27885,39451,55479,87582
2000-06-27 00:00:00,65595,34539,67509,58106
2000-06-28 00:00:00,83457,73859,73342,22948
2000-06-29 00:00:00,71944,4573,37088,32406
2000-06-30 00:00:00,4688,82346,76877,50243
2000-07-01 00:00:00,74962,78163,46643,88985
2000-07-02 00:00:00,62868,30079,52043,49245
2000-07-03 00:00:00,21960,57901,23229,54086
2000-07-04 00:00:00,75958,27731,85004,34049
2000-07-05 00:00:00,22890,87119,74352,38488
2000-07-06 00:00:00,51575,95649,60381,91904
2000-07-07 00:00:00,11716,72450,16567,66638
2000-07-08 00:00:00,66977,1663,69559,36035
2000-07-09 00:00:00,85908,94051,91864,83722
2000-07-10 00:00:00,67612,95506,49999,81630
2000-07-11 00:00:00,68186,72078,54891,88741
2000-07-12 00:00:00,60254,92325,50847,48681
2000-07-13 00:00:00,20184,72830,34192,58752
2000-07-14 00:00:00,85988,80680,77980,43951
2000-07-15 00:00:00,99454,16964,99474,76078
2000-07-16 00:00:00,80541,83685,68339,43790
2000-07-17 00:00:00,72067,48581,4279,96890
2000-07-18 00:00:00,90594,9024,94740,5311
2000-07-19 00:00:00,5291,97752,13536,98554
2000-07-20 00:00:00,67197,58215,34339,7461
2000-07-21 00:00:00,28944,36064,29014,11173
2000-07-22 00:00:00,75615,17380,55162,62843
2000-07-23 00:00:00,7055,84554,6849,18959
2000-07-24 00:00:00,97087,47326,36989,49477
2000-07-25 00:00:00,41391,46027,81015,57825
2000-07-26 00:00:00,70675,29624,55990,93558
2000-07-27 00:00:00,6529,59471,94455,91765
2000-07-28 00:00:00,3659,48317,50274,54889
2000-07-29 00:00:00,66394,93136,31219,30369
2000-07-30 00:00:00,23739,11619,48195,99275
2000-07-31 00:00:00,20294,44650,11716,55480
2000-08-01 00:00:00,72040,24011,85916,15043
2000-08-02 00:00:00,23813,22553,34750,35348
2000-08-03 00:00:00,68644,766,27457,56414
2000-08-04 00:00:00,36201,33573,19760,68472
2000-08-05 00:00:00,47892,57732,2960,3215
2000-08-06 00:00:00,17357,47861,70467,66213
2000-08-07 00:00:00,96284,3561,75213,93829
2000-08-08 00:00:00,38369,57111,66420,8791
2000-08-09 00:00:00,52853,69513,49995,22228
2000-08-10 00:00:00,5797,72146,3363,8708
2000-08-11 00:00:00,73650,88336,96575,64561
2000-08-12 00:00:00,19613,91320,15131,62927
2000-08-13 00:00:00,94228,65751,92200,78232
2000-08-14 00:00:00,69686,75799,71473,11601
2000-08-15 00:00:00,39093,48351,3397,10883
2000-08-16 00:00:00,89430,28583,89870,52447
2000-08-17 00:00:00,61172,55550,28775,71072
2000-08-18 00:00:00,64499,31205,37853,32608
2000-08-19 00:00:00,12203,73071,29848,73835
2000-08-20 00:00:00,25627,83532,48983,59099
2000-08-21 00:00:00,83878,38001,47010,66232
2000-08-22 00:00:00,75366,60940,5369,85086
2000-08-23 00:00:00,78084,43106,71078,75147
2000-08-24 00:00:00,17694,50577,71177,88125
2000-08-25 00:00:00,88104,46052,29451,98852
2000-08-26 00:00:00,39285,13999,84995,24250
2000-08-27 00:00:00,61380,88747,42174,96296
2000-08-28 00:00:00,35092,7954,59184,33491
2000-08-29 00:00:00,18380,70761,86675,16606
2000-08-30 00:00:00,63818,31107,63311,87013
2000-08-31 00:00:00,62387,1318,78169,14932
2000-09-01 00:00:00,82037,82745,13418,84198
2000-09-02 00:00:00,2011,90754,67194,44620
2000-09-03 00:00:00,84137,79192,18650,29268
2000-09-04 00:00:00,53446,259,5095,5344
2000-09-05 00:00:00,97389,28036,87070,93204
2000-09-06 00:00:00,43343,63802,43695,44054
2000-09-07 00:00:00,58437,53960,7008,41051
2000-09-08 00:00:00,60697,60025,68126,16658
2000-09-09 00:00:00,13839,79118,31973,23620
2000-09-10 00:00:00,17139,69040,23263,37658
2000-09-11 00:00:00,41248,23244,35585,58788
2000-09-12 00:00:00,82599,38871,36946,50302
2000-09-13 00:00:00,78987,79433,2582,44406
2000-09-14 00:00:00,42705,68017,52896,22626
2000-09-15 00:00:00,3428,8625,9394,17089
2000-09-16 00:00:00,84678,35627,94052,49697
2000-09-17 00:00:00,81132,74568,29780,23316
2000-09-18 00:00:00,88481,77284,1788,19914
2000-09-19 00:00:00,58006,2690,66359,32324
2000-09-20 00:00:00,64441,9652,83129,34275
2000-09-21 00:00:00,6711,15597,54574,83295
2000-09-22 00:00:00,57840,87228,24768,15285
2000-09-23 00:00:00,90833,90072,95917,22917
2000-09-24 00:00:00,12393,73403,88878,80615
2000-09-25 00:00:00,93433,1736,30736,93396
2000-09-26 00:00:00,23989,8721,70407,72980
2000-09-27 00:00:00,36724,24175,77940,26949
2000-09-28 00:00:00,78005,46453,84341,72627
2000-09-29 00:00:00,55417,68343,9555,69669
2000-09-30 00:00:00,75915,81080,80127,79165
2000-10-01 00:00:00,10259,88462,44212,65617
2000-10-02 00:00:00,15304,93407,7781,36314
2000-10-03 00:00:00,50188,67813,68421,78904
2000-10-04 00:00:00,5321,79663,35728,96972
2000-10-05 00:00:00,54683,77484,97814,20651
2000-10-06 00:00:00,34346,38402,58931,24556
2000-10-07 00:00:00,83009,21283,21179,12956
2000-10-08 00:00:00,88432,58473,62848,40238
2000-10-09 00:00:00,35281,21171,98200,83044
2000-10-10 00:00:00,83267,1622,46264,82725
2000-10-11 00:00:00,71178,2382,62961,35033
2000-10-12 00:00:00,22269,15812,49703,88738
2000-10-13 00:00:00,59066,51949,16483,37980
2000-10-14 00:00:00,79369,73388,13234,67195
2000-10-15 00:00:00,90315,74286,5563,52281
2000-10-16 00:00:00,42043,65799,24610,37392
2000-10-17 00:00:00,72747,83586,59745,84012
2000-10-18 00:00:00,3854,67385,71886,79553
2000-10-19 00:00:00,25425,23008,33512,5607
2000-10-20 00:00:00,93852,21438,4398,77817
2000-10-21 00:00:00,81675,38405,43144,69936
2000-10-22 00:00:00,46113,2876,22631,37065
2000-10-23 00:00:00,76438,64862,21427,80686
2000-10-24 00:00:00,79098,41379,41665,70236
2000-10-25 00:00:00,76982,86427,92923,14330
2000-10-26 00:00:00,86522,7302,33218,65210
2000-10-27 00:00:00,66740,74320,99176,40613
2000-10-28 00:00:00,44994,90570,61946,86343
2000-10-29 00:00:00,92104,70480,42885,4596
2000-10-30 00:00:00,63787,56630,27552,71
2000-10-31 00:00:00,92096,20198,34880,94001
2000-11-01 00:00:00,10831,65004,90054,1453
2000-11-02 00:00:00,80467,9169,6883,54173
2000-11-03 00:00:00,66578,16620,67077,1838
2000-11-04 00:00:00,58715,14080,77966,81747
2000-11-05 00:00:00,35015,50889,3245,21378
2000-11-06 00:00:00,51571,68613,73397,9210
2000-11-07 00:00:00,18418,22130,5242,15385
2000-11-08 00:00:00,67089,91373,52245,94935
2000-11-09 00:00:00,50096,71250,99613,1891
2000-11-10 00:00:00,22649,7671,50739,93677
2000-11-11 00:00:00,17758,57735,99834,58270
2000-11-12 00:00:00,26755,68849,19819,75132
2000-11-13 00:00:00,44307,35972,66973,11439
2000-11-14 00:00:00,73823,59713,48807,28438
2000-11-15 00:00:00,59116,78517,57458,75114
2000-11-16 00:00:00,81080,97613,31132,63262
2000-11-17 00:00:00,76364,41644,42241,44144
2000-11-18 00:00:00,95866,69385,9905,16380
2000-11-19 00:00:00,78920,13766,29566,13432
2000-11-20 00:00:00,64978,72997,60426,93817
2000-11-21 00:00:00,44673,95023,37171,27113
2000-11-22 00:00:00,8813,36510,55776,25456
2000-11-23 00:00:00,70675,72358,95852,37605
2000-11-24 00:00:00,10873,90199,85028,58290
2000-11-25 00:00:00,52366,84579,22947,36308
2000-11-26 00:00:00,63482,54985,47961,5272
2000-11-27 00:00:00,1731,45144,30690,68229
2000-11-28 00:00:00,8257,81721,32779,7449
2000-11-29 00:00:00,19501,58261,86105,31114
2000-11-30 00:00:00,87144,26284,81975,78301
2000-12-01 00:00:00,48450,73085,46873,24015
2000-12-02 00:00:00,41150,87690,83956,15884
2000-12-03 00:00:00,46259,75912,82984,74719
2000-12-04 00:00:00,77110,39279,41670,63962
2000-12-05 00:00:00,32252,4042,84821,77586
2000-12-06 00:00:00,6148,36813,49401,55236
2000-12-07 00:00:00,71176,67166,43621,47574
2000-12-08 00:00:00,93022,57509,91060,56693
2000-12-09 00:00:00,40462,86638,67188,96508
2000-12-10 00:00:00,95800,86558,66655,68517
2000-12-11 00:00:00,64794,74943,80937,19217
2000-12-12 00:00:00,61330,86821,92393,30418
2000-12-13 00:00:00,36542,571,81446,86744
2000-12-14 00:00:00,37099,27871,33893,64616
2000-12-15 00:00:00,34330,21757,25737,91574
2000-12-16 00:00:00,84976,18432,39717,28482
2000-12-17 00:00:00,48471,4142,34026,33457
2000-12-18 00:00:00,85917,77110,40555,32837
2000-12-19 00:00:00,8029,40480,14362,58857
2000-12-20 00:00:00,50022,85226,84406,13007
2000-12-21 00:00:00,89041,87257,11039,9269
2000-12-22 00:00:00,15544,38253,75731,36699
2000-12-23 00:00:00,91198,75199,83786,17826
2000-12-24 00:00:00,97769,89007,91659,53815
2000-12-25 00:00:00,15168,49495,77592,37063
2000-12-26 00:00:00,67168,72873,50966,57922
2000-12-27 00:00:00,44010,55599,98127,89766
2000-12-28 00:00:00,23815,6342,13709,61816
2000-12-29 00:00:00,33619,62078,95683,99342
2000-12-30 00:00:00,13200,56145,51379,11890
2000-12-31 00:00:00,96189,55733,8457,55527
2001-01-01 00:00:00,86592,66249,37635,97323
2001-01-02 00:00:00,49766,85267,15482,13401
2001-01-03 00:00:00,61154,5330,26307,39902
2001-01-04 00:00:00,38285,19742,61181,94401
2001-01-05 00:00:00,16341,37509,23598,12277
2001-01-06 00:00:00,62380,66180,3057,6094
2001-01-07 00:00:00,58190,16393,66032,28707
2001-01-08 00:00:00,93674,76029,40205,21860
2001-01-09 00:00:00,65570,65234,19390,19945
2001-01-10 00:00:00,53081,89537,76825,68065
2001-01-11 00:00:00,74799,53355,78367,42058
2001-01-12 00:00:00,63777,33570,95739,84247
2001-01-13 00:00:00,73590,61398,8809,81141
2001-01-14 00:00:00,68997,4087,2179,20030
2001-01-15 00:00:00,91693,68384,8679,77474
2001-01-16 00:00:00,17247,39030,34827,12475
2001-01-17 00:00:00,49425,75094,22995,81382
2001-01-18 00:00:00,62800,39227,11411,64641
2001-01-19 00:00:00,75632,10456,65149,42575
2001-01-20 00:00:00,85225,23324,40562,59259
2001-01-21 00:00:00,88854,83639,53170,63979
2001-01-22 00:00:00,1506,14325,27614,81422
2001-01-23 00:00:00,87654,3241,99568,61061
2001-01-24 00:00:00,25439,44873,61700,22711
2001-01-25 00:00:00,11521,50380,95903,79518
2001-01-26 00:00:00,50510,83787,50438,54010
2001-01-27 00:00:00,63325,14934,99037,54684
2001-01-28 00:00:00,53105,36484,56104,74840
2001-01-29 00:00:00,95736,37663,53980,59204
2001-01-30 00:00:00,45579,98779,12688,1866
2001-01-31 00:00:00,37216,66822,9305,85271
2001-02-01 00:00:00,13811,99858,57004,8517
2001-02-02 00:00:00,17459,70591,73071,14874
2001-02-03 00:00:00,40138,32207,17082,20179
2001-02-04 00:00:00,19066,30414,55450,15301
2001-02-05 00:00:00,9743,52803,59489,29280
2001-02-06 00:00:00,96942,66749,45129,50551
2001-02-07 00:00:00,47167,70302,70686,15039
2001-02-08 00:00:00,3771,72531,88024,50950
2001-02-09 00:00:00,25491,34770,40982,26168
2001-02-10 00:00:00,39009,71918,76790,55446
2001-02-11 00:00:00,3642,31586,11135,68216
2001-02-12 00:00:00,17087,67430,81065,70820
2001-02-13 00:00:00,49015,91613,51362,94483
2001-02-14 00:00:00,84069,34720,93542,34886
2001-02-15 00:00:00,83149,30356,70967,63585
2001-02-16 00:00:00,77353,52962,46582,80570
2001-02-17 00:00:00,47854,23548,84901,54907
2001-02-18 00:00:00,39679,70693,5772,94198
2001-02-19 00:00:00,84415,21291,62824,13301
2001-02-20 00:00:00,35687,29410,74841,37022
2001-02-21 00:00:00,72877,37413,70999,47365
2001-02-22 00:00:00,290,90084,25332,57905
2001-02-23 00:00:00,86867,90335,47825,10770
2001-02-24 00:00:00,54096,13200,98457,84250
2001-02-25 00:00:00,98989,42243,54086,78744
2001-02-26 00:00:00,19865,95993,495,71484
2001-02-27 00:00:00,86904,15716,79287,66958
2001-02-28 00:00:00,5441,36903,78273,24956
2001-03-01 00:00:00,41984,99526,51434,77462
2001-03-02 00:00:00,8093,27111,70548,42933
2001-03-03 00:00:00,61984,6888,18627,40013
2001-03-04 00:00:00,82498,35395,73209,40656
2001-03-05 00:00:00,33726,72234,94640,61788
2001-03-06 00:00:00,25961,11246,76379,40385
2001-03-07 00:00:00,58648,59957,47863,15219
2001-03-08 00:00:00,43437,54049,53326,37013
2001-03-09 00:00:00,62498,46277,13333,6620
2001-03-10 00:00:00,78922,47294,36022,93478
2001-03-11 00:00:00,4169,73747,83120,62247
2001-03-12 00:00:00,91980,56160,92096,2776
2001-03-13 00:00:00,66071,75193,26109,56806
2001-03-14 00:00:00,32918,28249,55870,9263
2001-03-15 00:00:00,72897,42730,64746,63800
2001-03-16 00:00:00,20838,33501,34614,61191
2001-03-17 00:00:00,49427,25898,64415,59617
2001-03-18 00:00:00,86279,58835,73327,10344
2001-03-19 00:00:00,42110,66576,50331,13554
2001-03-20 00:00:00,63124,97274,60705,74506
2001-03-21 00:00:00,12631,23958,80700,34364
2001-03-22 00:00:00,35997,57377,11129,83418
2001-03-23 00:00:00,13400,81950,14531,19729
2001-03-24 00:00:00,82154,94169,92040,25084
2001-03-25 00:00:00,15650,61764,81770,54642
2001-03-26 00:00:00,97337,58414,40272,66113
2001-03-27 00:00:00,95955,57335,37730,43046
2001-03-28 00:00:00,23052,67132,75556,57426
2001-03-29 00:00:00,60868,11276,99642,36684
2001-03-30 00:00:00,49152,29920,32509,89408
2001-03-31 00:00:00,79769,97577,95101,85246
2001-04-01 00:00:00,99999,40426,85609,63006
2001-04-02 00:00:00,48663,92712,76297,94686
2001-04-03 00:00:00,30801,72979,68915,41163
2001-04-04 00:00:00,39798,68796,30142,43552
2001-04-05 00:00:00,85084,99175,75198,40636
2001-04-06 00:00:00,51161,28936,33342,13475
2001-04-07 00:00:00,71003,31377,9898,33162
2001-04-08 00:00:00,44371,51566,16601,44872
2001-04-09 00:00:00,64234,99797,90957,75165
2001-04-10 00:00:00,23774,91497,84936,42131
2001-04-11 00:00:00,78911,20972,78740,63751
2001-04-12 00:00:00,75252,41599,74319,99081
2001-04-13 00:00:00,85428,96884,74541,51119
2001-04-14 00:00:00,96015,93854,23753,78631
2001-04-15 00:00:00,65646,5521,11181,12154
2001-04-16 00:00:00,56406,77069,52785,94677
2001-04-17 00:00:00,80025,42568,79723,53423
2001-04-18 00:00:00,1580,60401,4877,35379
2001-04-19 00:00:00,15811,20243,58102,65300
2001-04-20 00:00:00,39889,27948,93574,60097
2001-04-21 00:00:00,85802,32472,3090,48128
2001-04-22 00:00:00,45720,39137,48373,68894
2001-04-23 00:00:00,62080,91333,32202,43952
2001-04-24 00:00:00,24265,98202,82237,30976
2001-04-25 00:00:00,31237,53406,38931,35514
2001-04-26 00:00:00,2865,73031,75036,85711
2001-04-27 00:00:00,7788,58542,88233,68896
2001-04-28 00:00:00,3017,25305,96602,95737
2001-04-29 00:00:00,42106,11762,98049,89737
2001-04-30 00:00:00,20185,865,51759,81986
2001-05-01 00:00:00,67610,14128,86712,52117
2001-05-02 00:00:00,71977,90626,81728,84668
2001-05-03 00:00:00,29688,59571,20249,55695
2001-05-04 00:00:00,17290,24798,69951,68345
2001-05-05 00:00:00,5737,98313,67190,33755
2001-05-06 00:00:00,10240,27464,95272,13134
2001-05-07 00:00:00,40804,95869,15729,25449
2001-05-08 00:00:00,77352,42584,30407,95134
2001-05-09 00:00:00,67228,91794,45512,52274
2001-05-10 00:00:00,74127,63695,29191,93352
2001-05-11 00:00:00,60649,16247,48353,99237
2001-05-12 00:00:00,86748,38509,20576,74565
2001-05-13 00:00:00,24178,45090,13488,11453
2001-05-14 00:00:00,34823,27480,62939,89637
2001-05-15 00:00:00,49859,15810,95838,22580
2001-05-16 00:00:00,94885,78219,55742,8632
2001-05-17 00:00:00,75379,15893,79232,3564
2001-05-18 00:00:00,30870,43597,89971,28597
2001-05-19 00:00:00,64908,25216,27802,65448
2001-05-20 00:00:00,45564,76196,38171,31720
2001-05-21 00:00:00,6512,58804,64089,18848
2001-05-22 00:00:00,44497,8606,30671,74208
2001-05-23 00:00:00,86275,96319,90454,12372
2001-05-24 00:00:00,33713,37859,86644,68058
2001-05-25 00:00:00,81333,50336,24819,24496
2001-05-26 00:00:00,50404,64296,79989,26552
2001-05-27 00:00:00,99813,17055,72685,42104
2001-05-28 00:00:00,52991,90491,22174,16440
2001-05-29 00:00:00,65822,76824,38653,54732
2001-05-30 00:00:00,82227,72943,86395,14818
2001-05-31 00:00:00,53860,31842,9677,68
2001-06-01 00:00:00,93354,50811,84912,87926
2001-06-02 00:00:00,64871,9135,12160,67683
2001-06-03 00:00:00,31872,11657,85488,47153
2001-06-04 00:00:00,34508,87946,14240,29778
2001-06-05 00:00:00,8541,29700,90976,75777
2001-06-06 00:00:00,7993,72247,39846,46504
2001-06-07 00:00:00,34168,44930,53486,54763
2001-06-08 00:00:00,26759,33041,70978,60313
2001-06-09 00:00:00,83815,50692,48750,88196
2001-06-10 00:00:00,19155,23072,88106,54246
2001-06-11 00:00:00,52695,93824,18244,3991
2001-06-12 00:00:00,43711,87799,89906,53610
2001-06-13 00:00:00,11600,9179,81627,54086
2001-06-14 00:00:00,45746,47828,93857,63084
2001-06-15 00:00:00,85867,15018,65661,14712
2001-06-16 00:00:00,15668,57424,15943,43546
2001-06-17 00:00:00,38412,96927,87455,36380
2001-06-18 00:00:00,50003,39208,54347,77979
2001-06-19 00:00:00,21445,71365,98831,46108
2001-06-20 00:00:00,1548,77380,25310,12207
2001-06-21 00:00:00,10679,42088,27035,68755
2001-06-22 00:00:00,99426,72127,2283,52731
2001-06-23 00:00:00,69206,7992,73128,14659
2001-06-24 00:00:00,67178,32162,58426,92343
2001-06-25 00:00:00,75070,88256,83848,27225
2001-06-26 00:00:00,38895,42162,86652,62428
2001-06-27 00:00:00,78119,12592,52871,94147
2001-06-28 00:00:00,38981,93159,46977,46043
2001-06-29 00:00:00,7883,86012,89820,25159
2001-06-30 00:00:00,47632,33434,75201,5766
2001-07-01 00:00:00,57218,64006,96213,14388
2001-07-02 00:00:00,28717,90682,76686,53956
2001-07-03 00:00:00,58577,33349,59069,63585
2001-07-04 00:00:00,91507,95947,52227,92470
2001-07-05 00:00:00,7777,83828,54253,30004
2001-07-06 00:00:00,98143,8192,59130,84977
2001-07-07 00:00:00,91345,31466,7514,52245
2001-07-08 00:00:00,81277,84687,48536,40149
2001-07-09 00:00:00,93912,45456,60911,61554
2001-07-10 00:00:00,72990,69041,50359,24436
2001-07-11 00:00:00,28244,39622,71844,22761
2001-07-12 00:00:00,16809,27262,26720,26402
2001-07-13 00:00:00,2810,24798,85891,77505
2001-07-14 00:00:00,1457,67352,66884,14462
2001-07-15 00:00:00,24146,71067,86381,34382
2001-07-16 00:00:00,1243,48045,9808,17542
2001-07-17 00:00:00,55418,28785,61980,54460
2001-07-18 00:00:00,68321,93335,54366,198
2001-07-19 00:00:00,77477,61057,12957,8934
2001-07-20 00:00:00,45239,33740,34471,10674
2001-07-21 00:00:00,92386,35444,57998,73189
2001-07-22 00:00:00,13212,34000,22126,53136
2001-07-23 00:00:00,634,72385,57392,41733
2001-07-24 00:00:00,21635,63337,1605,4041
2001-07-25 00:00:00,50639,41789,64456,42347
2001-07-26 00:00:00,22195,50552,41048,19915
2001-07-27 00:00:00,64018,62725,19183,16028
2001-07-28 00:00:00,15720,32925,34390,10332
2001-07-29 00:00:00,61462,3793,35199,46904
2001-07-30 00:00:00,52383,75645,44763,49693
2001-07-31 00:00:00,11242,21327,50856,93599
2001-08-01 00:00:00,44415,95266,45645,50546
2001-08-02 00:00:00,90669,59811,68381,38254
2001-08-03 00:00:00,82917,18704,65549,64864
2001-08-04 00:00:00,95811,77800,49360,5151
2001-08-05 00:00:00,3087,78244,23127,87046
2001-08-06 00:00:00,27781,88476,10073,30867
2001-08-07 00:00:00,21346,10792,64680,31325
2001-08-08 00:00:00,66008,13023,54226,59021
2001-08-09 00:00:00,65522,10845,14124,61608
2001-08-10 00:00:00,48296,41032,10880,68885
2001-08-11 00:00:00,30453,70079,83746,6629
2001-08-12 00:00:00,82113,17731,32668,44878
2001-08-13 00:00:00,37902,76229,95169,65720
2001-08-14 00:00:00,58797,58262,99661,19730
2001-08-15 00:00:00,42479,17492,71472,12649
2001-08-16 00:00:00,62579,35052,48609,26800
2001-08-17 00:00:00,79992,61083,62306,50301
2001-08-18 00:00:00,44148,3745,71651,59066
2001-08-19 00:00:00,14051,29418,68884,32693
2001-08-20 00:00:00,56514,45287,73603,57601
2001-08-21 00:00:00,38593,47333,37958,68021
2001-08-22 00:00:00,95339,81237,55320,6299
2001-08-23 00:00:00,63641,37713,15967,61212
2001-08-24 00:00:00,37619,41563,18229,38719
2001-08-25 00:00:00,53447,91143,68202,54467
2001-08-26 00:00:00,70974,26202,60081,12377
2001-08-27 00:00:00,44711,92582,77067,68832
2001-08-28 00:00:00,3765,32608,39981,41149
2001-08-29 00:00:00,3751,86717,14303,43466
2001-08-30 00:00:00,69523,70695,88130,2826
2001-08-31 00:00:00,35452,77833,79643,33035
2001-09-01 00:00:00,98838,74509,13361,43477
2001-09-02 00:00:00,6163,9570,95147,17741
2001-09-03 00:00:00,22933,68513,79260,73310
2001-09-04 00:00:00,83947,54056,66823,6804
2001-09-05 00:00:00,85620,18647,75670,44107
2001-09-06 00:00:00,74064,91388,33817,3069
2001-09-07 00:00:00,13719,59511,22524,5268
2001-09-08 00:00:00,89044,54017,93730,24343
2001-09-09 00:00:00,47154,55248,78336,88026
2001-09-10 00:00:00,70855,27040,60648,6083
2001-09-11 00:00:00,81164,24966,80105,97461
2001-09-12 00:00:00,96768,5865,78679,22402
2001-09-13 00:00:00,65313,12348,48428,40846
2001-09-14 00:00:00,43426,86883,35241,63900
2001-09-15 00:00:00,18907,21881,6567,59912
2001-09-16 00:00:00,61900,40188,79438,78911
2001-09-17 00:00:00,63399,8268,56882,4738
2001-09-18 00:00:00,63740,43526,26563,93895
2001-09-19 00:00:00,35472,42182,96141,71650
2001-09-20 00:00:00,88828,38807,27095,68187
2001-09-21 00:00:00,85051,15760,78364,80579
2001-09-22 00:00:00,91173,58250,90466,58968
2001-09-23 00:00:00,86280,49655,1076,85041
2001-09-24 00:00:00,76136,40953,8095,54519
2001-09-25 00:00:00,71303,13053,37017,45824
2001-09-26 00:00:00,7901,20151,99151,12828
2001-09-27 00:00:00,5782,24231,93424,2514
2001-09-28 00:00:00,87146,58496,71567,31687
2001-09-29 00:00:00,41448,91138,60260,26131
2001-09-30 00:00:00,87988,48819,81481,54959
2001-10-01 00:00:00,27140,19494,69714,33758
2001-10-02 00:00:00,16643,54079,33370,80764
2001-10-03 00:00:00,21610,91681,60969,94436
2001-10-04 00:00:00,20322,41253,65919,21789
2001-10-05 00:00:00,89951,2256,69066,56135
2001-10-06 00:00:00,4191,61194,40207,582
2001-10-07 00:00:00,58276,72518,14416,13650
2001-10-08 00:00:00,58589,66014,56096,10767
2001-10-09 00:00:00,61398,46254,40407,77708
2001-10-10 00:00:00,19698,90046,57373,64567
2001-10-11 00:00:00,65756,35485,69150,42477
2001-10-12 00:00:00,30515,78541,81672,50376
2001-10-13 00:00:00,96404,19754,66152,56434
2001-10-14 00:00:00,65614,71911,21082,96732
2001-10-15 00:00:00,72190,75682,133,48830
2001-10-16 00:00:00,37353,62978,48713,74444
2001-10-17 00:00:00,44125,78938,82197,89971
2001-10-18 00:00:00,68188,20149,1023,54060
2001-10-19 00:00:00,60698,37904,47863,43684
2001-10-20 00:00:00,81514,54058,45191,45831
2001-10-21 00:00:00,51006,91966,35836,38926
2001-10-22 00:00:00,9153,34809,86487,80114
2001-10-23 00:00:00,33661,11621,80247,88853
2001-10-24 00:00:00,86658,71179,49235,11501
2001-10-25 00:00:00,84978,90676,94415,86845
2001-10-26 00:00:00,37434,75453,12406,57490
2001-10-27 00:00:00,10874,70397,43385,16288
2001-10-28 00:00:00,46943,96782,96379,53875
2001-10-29 00:00:00,58247,92738,36939,92383
2001-10-30 00:00:00,58502,59643,99959,29786
2001-10-31 00:00:00,62104,16305,69632,62409
2001-11-01 00:00:00,12440,64469,15202,21722
2001-11-02 00:00:00,76972,81132,23813,52898
2001-11-03 00:00:00,28663,72575,66596,31473
2001-11-04 00:00:00,80716,47627,41248,18981
2001-11-05 00:00:00,5498,81617,83696,29120
2001-11-06 00:00:00,72542,48799,78178,56260
2001-11-07 00:00:00,32881,54317,87171,91893
2001-11-08 00:00:00,49646,54526,5933,17887
2001-11-09 00:00:00,41028,66929,17535,63031
2001-11-10 00:00:00,67737,60100,10918,3099
2001-11-11 00:00:00,61221,75258,90049,62688
2001-11-12 00:00:00,93921,38876,40940,97339
2001-11-13 00:00:00,17548,22538,28971,28111
2001-11-14 00:00:00,13879,87572,60975,8355
2001-11-15 00:00:00,317,47158,80820,62655
2001-11-16 00:00:00,76032,46117,74574,56996
2001-11-17 00:00:00,75904,43666,52942,41871
2001-11-18 00:00:00,88485,86476,63076,24105
2001-11-19 00:00:00,95170,22132,85771,13368
2001-11-20 00:00:00,23494,99030,94549,33671
2001-11-21 00:00:00,60474,40559,87083,43972
2001-11-22 00:00:00,70643,91430,48796,8585
2001-11-23 00:00:00,46394,88223,58313,99361
2001-11-24 00:00:00,9369,47516,62956,15187
2001-11-25 00:00:00,92799,68575,28812,1723
2001-11-26 00:00:00,59132,53951,96269,95915
2001-11-27 00:00:00,44841,29535,98338,19254
2001-11-28 00:00:00,75035,60363,91178,90518
2001-11-29 00:00:00,681,73619,36402,22074
2001-11-30 00:00:00,87828,3600,19267,40906
2001-12-01 00:00:00,82404,85229,90951,46155
2001-12-02 00:00:00,95462,56973,92087,20659
2001-12-03 00:00:00,16331,82524,97783,86221
2001-12-04 00:00:00,3853,93816,70638,96095
2001-12-05 00:00:00,44211,43047,72095,28315
2001-12-06 00:00:00,78314,34076,31112,87642
2001-12-07 00:00:00,47484,90475,98911,69546
2001-12-08 00:00:00,44980,57347,95633,22605
2001-12-09 00:00:00,79522,40419,22831,20459
2001-12-10 00:00:00,20446,83960,34303,32021
2001-12-11 00:00:00,81986,91421,22462,98680
2001-12-12 00:00:00,27922,34842,67733,15546
2001-12-13 00:00:00,58434,83204,29400,52950
2001-12-14 00:00:00,34692,27357,58721,47724
2001-12-15 00:00:00,69499,78422,25578,82906
2001-12-16 00:00:00,89306,81806,80205,62379
